variant,n,rep,seconds,gflops,checksum
c_O0,256,1,0.028532,1.176,5.707500e+02
c_O0,256,2,0.028772,1.166,5.707500e+02
c_O0,256,3,0.031955,1.050,5.707500e+02
c_O0,256,4,0.033961,0.988,5.707500e+02
c_O0,256,5,0.028472,1.178,5.707500e+02
c_O2,256,1,0.007640,4.392,5.707500e+02
c_O2,256,2,0.007585,4.424,5.707500e+02
c_O2,256,3,0.007702,4.357,5.707500e+02
c_O2,256,4,0.007522,4.461,5.707500e+02
c_O2,256,5,0.008332,4.027,5.707500e+02
c_O3,256,1,0.007799,4.302,5.707500e+02
c_O3,256,2,0.007758,4.325,5.707500e+02
c_O3,256,3,0.007857,4.271,5.707500e+02
c_O3,256,4,0.007707,4.354,5.707500e+02
c_O3,256,5,0.008496,3.950,5.707500e+02
c_O0,512,1,0.278931,0.962,1.149125e+03
c_O0,512,2,0.282433,0.950,1.149125e+03
c_O0,512,3,0.288064,0.932,1.149125e+03
c_O0,512,4,0.289714,0.927,1.149125e+03
c_O0,512,5,0.281299,0.954,1.149125e+03
c_O2,512,1,0.243260,1.103,1.149125e+03
c_O2,512,2,0.247237,1.086,1.149125e+03
c_O2,512,3,0.233414,1.150,1.149125e+03
c_O2,512,4,0.235765,1.139,1.149125e+03
c_O2,512,5,0.234256,1.146,1.149125e+03
c_O3,512,1,0.257883,1.041,1.149125e+03
c_O3,512,2,0.254142,1.056,1.149125e+03
c_O3,512,3,0.248716,1.079,1.149125e+03
c_O3,512,4,0.250341,1.072,1.149125e+03
c_O3,512,5,0.239482,1.121,1.149125e+03
c_O0,1024,1,3.271411,0.656,2.302000e+03
c_O0,1024,2,3.256878,0.659,2.302000e+03
c_O0,1024,3,3.323664,0.646,2.302000e+03
c_O0,1024,4,3.257874,0.659,2.302000e+03
c_O0,1024,5,3.173052,0.677,2.302000e+03
c_O2,1024,1,2.347918,0.915,2.302000e+03
c_O2,1024,2,2.503082,0.858,2.302000e+03
c_O2,1024,3,2.692607,0.798,2.302000e+03
c_O2,1024,4,2.418620,0.888,2.302000e+03
c_O2,1024,5,2.442559,0.879,2.302000e+03
c_O3,1024,1,2.521260,0.852,2.302000e+03
c_O3,1024,2,2.516935,0.853,2.302000e+03
c_O3,1024,3,2.503836,0.858,2.302000e+03
c_O3,1024,4,2.502517,0.858,2.302000e+03
c_O3,1024,5,2.481118,0.866,2.302000e+03
