variant,n,rep,seconds,gflops,cpu_over_wall
numpy,256,1,0.003771,8.897,14.25
numpy,256,2,0.000253,132.748,1.01
numpy,256,3,0.000199,168.894,1.01
numpy,256,4,0.000257,130.560,1.00
numpy,256,5,0.000160,210.200,1.01
numpy_1hilo,256,1,0.000773,43.414,1.00
numpy_1hilo,256,2,0.000669,50.158,1.00
numpy_1hilo,256,3,0.000643,52.223,1.00
numpy_1hilo,256,4,0.000508,66.100,1.00
numpy_1hilo,256,5,0.000522,64.295,1.00
numpy,512,1,0.003362,79.854,18.85
numpy,512,2,0.003622,74.115,2.52
numpy,512,3,0.003801,70.617,16.72
numpy,512,4,0.002514,106.779,24.70
numpy,512,5,0.002136,125.696,28.74
numpy_1hilo,512,1,0.004601,58.348,1.00
numpy_1hilo,512,2,0.004524,59.340,1.00
numpy_1hilo,512,3,0.004432,60.570,1.00
numpy_1hilo,512,4,0.004036,66.502,1.00
numpy_1hilo,512,5,0.003934,68.240,1.00
numpy,1024,1,0.010781,199.188,17.63
numpy,1024,2,0.016037,133.906,15.96
numpy,1024,3,0.014583,147.262,13.35
numpy,1024,4,0.013043,164.641,15.11
numpy,1024,5,0.010130,211.993,12.88
numpy_1hilo,1024,1,0.032425,66.230,1.00
numpy_1hilo,1024,2,0.031739,67.661,1.00
numpy_1hilo,1024,3,0.034035,63.096,1.00
numpy_1hilo,1024,4,0.032310,66.465,1.00
numpy_1hilo,1024,5,0.031864,67.394,1.00
numpy,2048,1,0.083853,204.880,15.98
numpy,2048,2,0.157583,109.021,15.17
numpy,2048,3,0.067592,254.169,15.91
numpy,2048,4,0.065607,261.861,15.60
numpy,2048,5,0.069796,246.146,16.39
numpy_1hilo,2048,1,0.247303,69.469,1.00
numpy_1hilo,2048,2,0.253552,67.757,1.00
numpy_1hilo,2048,3,0.248701,69.078,1.00
numpy_1hilo,2048,4,0.251502,68.309,1.00
numpy_1hilo,2048,5,0.250484,68.587,1.00
