variant,n,t_mean,t_std,gflops
c_O0,256,0.030338399999999998,0.0024968362581474974,1.1116
c_O0,512,0.2840882,0.004598169385744728,0.945
c_O0,1024,3.2565758000000002,0.05408075339896791,0.6594
c_O2,256,0.0077561999999999996,0.0003286886064347233,4.3322
c_O2,512,0.2387864,0.006122536263673735,1.1248
c_O2,1024,2.4809572,0.13071430833959996,0.8676
c_O3,256,0.0079234,0.0003247850058115365,4.240399999999999
c_O3,512,0.2501128,0.006921479155498459,1.0737999999999999
c_O3,1024,2.5051332000000004,0.015689273587390702,0.8573999999999999
numpy,256,0.000928,0.001589794011814109,130.25979999999998
numpy,512,0.0030870000000000003,0.0007253233761571455,91.4122
numpy,1024,0.012914799999999999,0.0024927731946569063,171.398
numpy,2048,0.0888862,0.039065276380693896,215.2154
numpy_1hilo,256,0.0006230000000000001,0.00011004771692316027,55.238
numpy_1hilo,512,0.0043054,0.00030071049200185916,62.6
numpy_1hilo,1024,0.032474600000000006,0.0009190132207971769,66.1692
numpy_1hilo,2048,0.2503084,0.002428611805126536,68.64
py_puro,64,0.005254,0.0005482850535989468,0.10056000000000001
py_puro,128,0.0405726,0.00016595571698498456,0.1034
py_puro,256,0.32546179999999997,0.002372627488671594,0.10310000000000001
